/sculpture-motley-cruise/ -> /exhibitions-archive/sculpture-motley-cruise/ 301
/blog/ -> /exhibitions-archive/blog/ 301
/thresholds/ -> /exhibitions-archive/thresholds/ 301
/epilogue/ -> /exhibitions-archive/epilogue/ 301
/shout/ -> /exhibitions-archive/shout/ 301
/trio/ -> /exhibitions-archive/trio/ 301
/distillations/ -> /exhibitions-archive/distillations/ 301
/garsot/ -> /exhibitions-archive/garsot/ 301
/2812/ -> /exhibitions-archive/2812/ 301
/2655/ -> /exhibitions-archive/2655/ 301
/30th-anniversary-exhibition/ -> /exhibitions-archive/30th-anniversary-exhibition/ 301
/49th-annual-arc-members-show/ -> /exhibitions-archive/49th-annual-arc-members-show/ 301
/8-by-8-open/ -> /exhibitions-archive/8-by-8-open/ 301
/8291-2/ -> /exhibitions-archive/8291-2/ 301
/a-brief-history-of-arc/ -> /exhibitions-archive/a-brief-history-of-arc/ 301
/a-i-r-gallery-nyc/ -> /exhibitions-archive/a-i-r-gallery-nyc/ 301
/a-queer-little-show/ -> /exhibitions-archive/a-queer-little-show/ 301
/a-touch-of-the-blues/ -> /exhibitions-archive/a-touch-of-the-blues/ 301
/abigail-engstrand/ -> /exhibitions-archive/abigail-engstrand/ 301
/adele-cohen/ -> /exhibitions-archive/adele-cohen/ 301
/adrian-hatfield/ -> /exhibitions-archive/adrian-hatfield/ 301
/adriana-miranda/ -> /exhibitions-archive/adriana-miranda/ 301
/adult-day-services/ -> /exhibitions-archive/adult-day-services/ 301
/affiliate-group-exhibition/ -> /exhibitions-archive/affiliate-group-exhibition/ 301
/affiliates-group-show/ -> /exhibitions-archive/affiliates-group-show/ 301
/afsc-traveling-exhibition/ -> /exhibitions-archive/afsc-traveling-exhibition/ 301
/after-supper-visions/ -> /exhibitions-archive/after-supper-visions/ 301
/agneta-stoken/ -> /exhibitions-archive/agneta-stoken/ 301
/aids-in-the-new-millennium/ -> /exhibitions-archive/aids-in-the-new-millennium/ 301
/aids-in-the-new-millennium-2/ -> /exhibitions-archive/aids-in-the-new-millennium-2/ 301
/aimee-bonham/ -> /exhibitions-archive/aimee-bonham/ 301
/al-qawi-tazal-nanavati/ -> /exhibitions-archive/al-qawi-tazal-nanavati/ 301
/alama-amharic-for-to-have-a-purpose/ -> /exhibitions-archive/alama-amharic-for-to-have-a-purpose/ 301
/alex/ -> /exhibitions-archive/alex/ 301
/alex-pitt/ -> /exhibitions-archive/alex-pitt/ 301
/alisa-singer/ -> /exhibitions-archive/alisa-singer/ 301
/alisa-singer-2/ -> /exhibitions-archive/alisa-singer-2/ 301
/allyssa-mullaney/ -> /exhibitions-archive/allyssa-mullaney/ 301
/alysha-irisari-malo/ -> /exhibitions-archive/alysha-irisari-malo/ 301
/amanda-aton/ -> /exhibitions-archive/amanda-aton/ 301
/amanda-mulcahy/ -> /exhibitions-archive/amanda-mulcahy/ 301
/amanda-nadig/ -> /exhibitions-archive/amanda-nadig/ 301
/amelia-falk/ -> /exhibitions-archive/amelia-falk/ 301
/amy-j-jahnke/ -> /exhibitions-archive/amy-j-jahnke/ 301
/amy-rankin/ -> /exhibitions-archive/amy-rankin/ 301
/amy-zucker/ -> /exhibitions-archive/amy-zucker/ 301
/amy-zucker-2/ -> /exhibitions-archive/amy-zucker-2/ 301
/amy-zucker-3/ -> /exhibitions-archive/amy-zucker-3/ 301
/amy-zucker-4/ -> /exhibitions-archive/amy-zucker-4/ 301
/amy-zucker-5/ -> /exhibitions-archive/amy-zucker-5/ 301
/ana-fernandez/ -> /exhibitions-archive/ana-fernandez/ 301
/anat-pollack/ -> /exhibitions-archive/anat-pollack/ 301
/andrew-courtney-luke-powell-and-steve-sabella/ -> /exhibitions-archive/andrew-courtney-luke-powell-and-steve-sabella/ 301
/angela-a-mcelwain/ -> /exhibitions-archive/angela-a-mcelwain/ 301
/angela-piehl/ -> /exhibitions-archive/angela-piehl/ 301
/ann-arbor-women-artists/ -> /exhibitions-archive/ann-arbor-women-artists/ 301
/ann-blaas-adam-zinanni/ -> /exhibitions-archive/ann-blaas-adam-zinanni/ 301
/ann-blaas-and-adam-zinanni/ -> /exhibitions-archive/ann-blaas-and-adam-zinanni/ 301
/ann-blaas-and-adam-zinanni-2/ -> /exhibitions-archive/ann-blaas-and-adam-zinanni-2/ 301
/ann-obrien/ -> /exhibitions-archive/ann-obrien/ 301
/ann-patrick-obrien/ -> /exhibitions-archive/ann-patrick-obrien/ 301
/ann-patrick-obrien-2/ -> /exhibitions-archive/ann-patrick-obrien-2/ 301
/anne-farley-gaines/ -> /exhibitions-archive/anne-farley-gaines/ 301
/anne-farley-gaines-2/ -> /exhibitions-archive/anne-farley-gaines-2/ 301
/anne-farley-gaines-3/ -> /exhibitions-archive/anne-farley-gaines-3/ 301
/anne-farley-gaines-4/ -> /exhibitions-archive/anne-farley-gaines-4/ 301
/anne-farley-gaines-and-geoffrey-novelli/ -> /exhibitions-archive/anne-farley-gaines-and-geoffrey-novelli/ 301
/anne-farley-gaines-and-geoffrey-novelli-2/ -> /exhibitions-archive/anne-farley-gaines-and-geoffrey-novelli-2/ 301
/anne-mondro/ -> /exhibitions-archive/anne-mondro/ 301
/anneliese-vobis/ -> /exhibitions-archive/anneliese-vobis/ 301
/anni-holm/ -> /exhibitions-archive/anni-holm/ 301
/apna-ghar-our-home/ -> /exhibitions-archive/apna-ghar-our-home/ 301
/approaching-40/ -> /exhibitions-archive/approaching-40/ 301
/arc-2009-student-show-winners/ -> /exhibitions-archive/arc-2009-student-show-winners/ 301
/arc-40th-anniversary-members-exhibition/ -> /exhibitions-archive/arc-40th-anniversary-members-exhibition/ 301
/arc-affiliate-members-exhibition-2004/ -> /exhibitions-archive/arc-affiliate-members-exhibition-2004/ 301
/arc-affiliate-members-exhibition-2005/ -> /exhibitions-archive/arc-affiliate-members-exhibition-2005/ 301
/arc-affiliate-members-show-2002/ -> /exhibitions-archive/arc-affiliate-members-show-2002/ 301
/arc-affiliate-members-show-2003/ -> /exhibitions-archive/arc-affiliate-members-show-2003/ 301
/arc-affiliate-members-show-2006/ -> /exhibitions-archive/arc-affiliate-members-show-2006/ 301
/arc-affiliate-members-show-2007/ -> /exhibitions-archive/arc-affiliate-members-show-2007/ 301
/arc-all-members-show-2007/ -> /exhibitions-archive/arc-all-members-show-2007/ 301
/arc-annual-members-exhibition/ -> /exhibitions-archive/arc-annual-members-exhibition/ 301
/arc-annual-members-exhibition-2016/ -> /exhibitions-archive/arc-annual-members-exhibition-2016/ 301
/arc-artists/ -> /exhibitions-archive/arc-artists/ 301
/arc-artists-in-japan/ -> /exhibitions-archive/arc-artists-in-japan/ 301
/arc-artists-invite/ -> /exhibitions-archive/arc-artists-invite/ 301
/arc-benefit-show/ -> /exhibitions-archive/arc-benefit-show/ 301
/arc-birdhouse-fundraiser/ -> /exhibitions-archive/arc-birdhouse-fundraiser/ 301
/arc-crowdfunding-campaign-lend-your-support/ -> /exhibitions-archive/arc-crowdfunding-campaign-lend-your-support/ 301
/arc-gallery-members-exhibition-still-here/ -> /exhibitions-archive/arc-gallery-members-exhibition-still-here/ 301
/arc-gallery-popup-members-exhibition/ -> /exhibitions-archive/arc-gallery-popup-members-exhibition/ 301
/arc-invites/ -> /exhibitions-archive/arc-invites/ 301
/arc-members-exhibition-2005/ -> /exhibitions-archive/arc-members-exhibition-2005/ 301
/arc-members-show/ -> /exhibitions-archive/arc-members-show/ 301
/arc-members-show-2001/ -> /exhibitions-archive/arc-members-show-2001/ 301
/arc-members-show-2002/ -> /exhibitions-archive/arc-members-show-2002/ 301
/arc-members-show-2003/ -> /exhibitions-archive/arc-members-show-2003/ 301
/arc-members-show-2004/ -> /exhibitions-archive/arc-members-show-2004/ 301
/arc-moving-up-capital-campaign/ -> /exhibitions-archive/arc-moving-up-capital-campaign/ 301
/arc-regional-vi/ -> /exhibitions-archive/arc-regional-vi/ 301
/archival-revival/ -> /exhibitions-archive/archival-revival/ 301
/are-we-there-yet-40-years-of-feminism/ -> /exhibitions-archive/are-we-there-yet-40-years-of-feminism/ 301
/arianna-carossa/ -> /exhibitions-archive/arianna-carossa/ 301
/arlene-dahl-levey-memorial-exhibition/ -> /exhibitions-archive/arlene-dahl-levey-memorial-exhibition/ 301
/arlene-levey/ -> /exhibitions-archive/arlene-levey/ 301
/arlene-levey-2/ -> /exhibitions-archive/arlene-levey-2/ 301
/art-and-a-time-of-solidarity/ -> /exhibitions-archive/art-and-a-time-of-solidarity/ 301
/art-and-a-time-of-solidarity-images/ -> /exhibitions-archive/art-and-a-time-of-solidarity-images/ 301
/art-auction-coordinated-by-deborah-lynn/ -> /exhibitions-archive/art-auction-coordinated-by-deborah-lynn/ 301
/art-bite/ -> /exhibitions-archive/art-bite/ 301
/art-makers-north/ -> /exhibitions-archive/art-makers-north/ 301
/art-skills-2001-summer-fantasy-mural/ -> /exhibitions-archive/art-skills-2001-summer-fantasy-mural/ 301
/art-to-fear-a-juried-group-show/ -> /exhibitions-archive/art-to-fear-a-juried-group-show/ 301
/art-to-fear-ii-juried-exhibition/ -> /exhibitions-archive/art-to-fear-ii-juried-exhibition/ 301
/art-to-fear-ii-masks-fundraiser/ -> /exhibitions-archive/art-to-fear-ii-masks-fundraiser/ 301
/artemisia-gallery-members-farewell-show/ -> /exhibitions-archive/artemisia-gallery-members-farewell-show/ 301
/artists-for-social-justice-online-exhibition/ -> /exhibitions-archive/artists-for-social-justice-online-exhibition/ 301
/artists-from-bulgaria-arc-gallery-exchange-exhibition/ -> /exhibitions-archive/artists-from-bulgaria-arc-gallery-exchange-exhibition/ 301
/artists-in-the-time-of-war/ -> /exhibitions-archive/artists-in-the-time-of-war/ 301
/artists-of-carc/ -> /exhibitions-archive/artists-of-carc/ 301
/arttechinterface/ -> /exhibitions-archive/arttechinterface/ 301
/artwork-by-children-with-disabilities-and-their-families/ -> /exhibitions-archive/artwork-by-children-with-disabilities-and-their-families/ 301
/ashley-hunt/ -> /exhibitions-archive/ashley-hunt/ 301
/asian-human-services/ -> /exhibitions-archive/asian-human-services/ 301
/audrius-plioplys/ -> /exhibitions-archive/audrius-plioplys/ 301
/avantika-bawa/ -> /exhibitions-archive/avantika-bawa/ 301
/aviva-kramer/ -> /exhibitions-archive/aviva-kramer/ 301
/aviva-kramer-2/ -> /exhibitions-archive/aviva-kramer-2/ 301
/barb-blacharczyk-and-allison-svoboda/ -> /exhibitions-archive/barb-blacharczyk-and-allison-svoboda/ 301
/barbara-bickel/ -> /exhibitions-archive/barbara-bickel/ 301
/barbara-mcintyre/ -> /exhibitions-archive/barbara-mcintyre/ 301
/barbara-stewart-thomas/ -> /exhibitions-archive/barbara-stewart-thomas/ 301
/barbara-thomas/ -> /exhibitions-archive/barbara-thomas/ 301
/barry-anderson/ -> /exhibitions-archive/barry-anderson/ 301
/bearing-witness-art-as-social-action/ -> /exhibitions-archive/bearing-witness-art-as-social-action/ 301
/beatrice-dettmann/ -> /exhibitions-archive/beatrice-dettmann/ 301
/ben-bellas/ -> /exhibitions-archive/ben-bellas/ 301
/ben-borter-jonathan-stein/ -> /exhibitions-archive/ben-borter-jonathan-stein/ 301
/benny-alba/ -> /exhibitions-archive/benny-alba/ 301
/beth-berolheimer/ -> /exhibitions-archive/beth-berolheimer/ 301
/beth-shadur/ -> /exhibitions-archive/beth-shadur/ 301
/beth-shadur-2/ -> /exhibitions-archive/beth-shadur-2/ 301
/beth-shadur-3/ -> /exhibitions-archive/beth-shadur-3/ 301
/beth-shadur-4/ -> /exhibitions-archive/beth-shadur-4/ 301
/betsy-timmer-2/ -> /exhibitions-archive/betsy-timmer-2/ 301
/betsy-williamson/ -> /exhibitions-archive/betsy-williamson/ 301
/betsyann-duval/ -> /exhibitions-archive/betsyann-duval/ 301
/betty-n-bulter-and-itala-langmar/ -> /exhibitions-archive/betty-n-bulter-and-itala-langmar/ 301
/bill-creston/ -> /exhibitions-archive/bill-creston/ 301
/bill-gant/ -> /exhibitions-archive/bill-gant/ 301
/bill-marquardsen/ -> /exhibitions-archive/bill-marquardsen/ 301
/blanket-art/ -> /exhibitions-archive/blanket-art/ 301
/blox/ -> /exhibitions-archive/blox/ 301
/blue-bridges/ -> /exhibitions-archive/blue-bridges/ 301
/body-politics/ -> /exhibitions-archive/body-politics/ 301
/bonnie-peterson/ -> /exhibitions-archive/bonnie-peterson/ 301
/bonnie-peterson-2/ -> /exhibitions-archive/bonnie-peterson-2/ 301
/breast-cancer-awareness-show/ -> /exhibitions-archive/breast-cancer-awareness-show/ 301
/brian-delevie/ -> /exhibitions-archive/brian-delevie/ 301
/brian-j-sullivan/ -> /exhibitions-archive/brian-j-sullivan/ 301
/brian-j-sullivan-2/ -> /exhibitions-archive/brian-j-sullivan-2/ 301
/brooke-e-demos/ -> /exhibitions-archive/brooke-e-demos/ 301
/bruce-pattie/ -> /exhibitions-archive/bruce-pattie/ 301
/bryana-bibbs/ -> /exhibitions-archive/bryana-bibbs/ 301
/bryn-gleason-passing/ -> /exhibitions-archive/bryn-gleason-passing/ 301
/bulgarian-american-heritage-center/ -> /exhibitions-archive/bulgarian-american-heritage-center/ 301
/bulgarian-artists-abroad/ -> /exhibitions-archive/bulgarian-artists-abroad/ 301
/cait-hardie/ -> /exhibitions-archive/cait-hardie/ 301
/caitlin-carter/ -> /exhibitions-archive/caitlin-carter/ 301
/camille-cosson/ -> /exhibitions-archive/camille-cosson/ 301
/candace-law/ -> /exhibitions-archive/candace-law/ 301
/carleen-clifton-bragg/ -> /exhibitions-archive/carleen-clifton-bragg/ 301
/carol-lafayette/ -> /exhibitions-archive/carol-lafayette/ 301
/carol-ng-he/ -> /exhibitions-archive/carol-ng-he/ 301
/carole-loeffler/ -> /exhibitions-archive/carole-loeffler/ 301
/carolyne-king/ -> /exhibitions-archive/carolyne-king/ 301
/carolyne-king-2/ -> /exhibitions-archive/carolyne-king-2/ 301
/carolyne-king-3/ -> /exhibitions-archive/carolyne-king-3/ 301
/carolyne-king-4/ -> /exhibitions-archive/carolyne-king-4/ 301
/carolyne-king-5/ -> /exhibitions-archive/carolyne-king-5/ 301
/carolyne-king-6/ -> /exhibitions-archive/carolyne-king-6/ 301
/carolyne-king-7/ -> /exhibitions-archive/carolyne-king-7/ 301
/carrie-iverson-and-philip-hartigan/ -> /exhibitions-archive/carrie-iverson-and-philip-hartigan/ 301
/carrie-ohm/ -> /exhibitions-archive/carrie-ohm/ 301
/casey-sills/ -> /exhibitions-archive/casey-sills/ 301
/catherine-angel/ -> /exhibitions-archive/catherine-angel/ 301
/ceramics-in-chicago/ -> /exhibitions-archive/ceramics-in-chicago/ 301
/changing-worlds/ -> /exhibitions-archive/changing-worlds/ 301
/charlie-goss/ -> /exhibitions-archive/charlie-goss/ 301
/charlotte-segal/ -> /exhibitions-archive/charlotte-segal/ 301
/charlotte-segal-2/ -> /exhibitions-archive/charlotte-segal-2/ 301
/charlotte-segal-3/ -> /exhibitions-archive/charlotte-segal-3/ 301
/charlotte-segal-4/ -> /exhibitions-archive/charlotte-segal-4/ 301
/charlotte-segal-5/ -> /exhibitions-archive/charlotte-segal-5/ 301
/charlotte-segal-6/ -> /exhibitions-archive/charlotte-segal-6/ 301
/charlotte-segal-7/ -> /exhibitions-archive/charlotte-segal-7/ 301
/cheri-reif-naselli/ -> /exhibitions-archive/cheri-reif-naselli/ 301
/cheri-reif-naselli-10/ -> /exhibitions-archive/cheri-reif-naselli-10/ 301
/cheri-reif-naselli-2/ -> /exhibitions-archive/cheri-reif-naselli-2/ 301
/cheri-reif-naselli-3/ -> /exhibitions-archive/cheri-reif-naselli-3/ 301
/cheri-reif-naselli-4/ -> /exhibitions-archive/cheri-reif-naselli-4/ 301
/cheri-reif-naselli-5/ -> /exhibitions-archive/cheri-reif-naselli-5/ 301
/cheri-reif-naselli-6/ -> /exhibitions-archive/cheri-reif-naselli-6/ 301
/cheri-reif-naselli-7/ -> /exhibitions-archive/cheri-reif-naselli-7/ 301
/cheri-reif-naselli-8/ -> /exhibitions-archive/cheri-reif-naselli-8/ 301
/cheri-reif-naselli-9/ -> /exhibitions-archive/cheri-reif-naselli-9/ 301
/cherie-sampson/ -> /exhibitions-archive/cherie-sampson/ 301
/chicago-center-for-a-creative-culture/ -> /exhibitions-archive/chicago-center-for-a-creative-culture/ 301
/chicago-urbanconvergence/ -> /exhibitions-archive/chicago-urbanconvergence/ 301
/chicago-womans-caucus-for-art-juried-exhibition/ -> /exhibitions-archive/chicago-womans-caucus-for-art-juried-exhibition/ 301
/chicago-womens-caucus-for-art/ -> /exhibitions-archive/chicago-womens-caucus-for-art/ 301
/chiyeko-yuki/ -> /exhibitions-archive/chiyeko-yuki/ 301
/chiyeko-yuki-2/ -> /exhibitions-archive/chiyeko-yuki-2/ 301
/chiyeko-yuki-3/ -> /exhibitions-archive/chiyeko-yuki-3/ 301
/chiyeko-yuki-4/ -> /exhibitions-archive/chiyeko-yuki-4/ 301
/chiyeko-yuki-5/ -> /exhibitions-archive/chiyeko-yuki-5/ 301
/chiyeko-yuki-6/ -> /exhibitions-archive/chiyeko-yuki-6/ 301
/chris-roberts/ -> /exhibitions-archive/chris-roberts/ 301
/christiane-blanc/ -> /exhibitions-archive/christiane-blanc/ 301
/christie-blizard/ -> /exhibitions-archive/christie-blizard/ 301
/christina-pantazis-blades/ -> /exhibitions-archive/christina-pantazis-blades/ 301
/christine-nelson/ -> /exhibitions-archive/christine-nelson/ 301
/christine-schroder/ -> /exhibitions-archive/christine-schroder/ 301
/christopher-fowler/ -> /exhibitions-archive/christopher-fowler/ 301
/christopher-fraser/ -> /exhibitions-archive/christopher-fraser/ 301
/christopher-gose/ -> /exhibitions-archive/christopher-gose/ 301
/chu-alice-chan/ -> /exhibitions-archive/chu-alice-chan/ 301
/cindy-rehm/ -> /exhibitions-archive/cindy-rehm/ 301
/clairan-ferrono/ -> /exhibitions-archive/clairan-ferrono/ 301
/clairan-ferrono-2/ -> /exhibitions-archive/clairan-ferrono-2/ 301
/claire-putney/ -> /exhibitions-archive/claire-putney/ 301
/clarian-ferrono/ -> /exhibitions-archive/clarian-ferrono/ 301
/collaboration-arc-annual-members-exhibition/ -> /exhibitions-archive/collaboration-arc-annual-members-exhibition/ 301
/collett-hudecek/ -> /exhibitions-archive/collett-hudecek/ 301
/color-2/ -> /exhibitions-archive/color-2/ 301
/coming-into-view-niu-mfa-exhibition/ -> /exhibitions-archive/coming-into-view-niu-mfa-exhibition/ 301
/connie-toebe/ -> /exhibitions-archive/connie-toebe/ 301
/consciousness-of-abstraction-beyond-literal-appearance/ -> /exhibitions-archive/consciousness-of-abstraction-beyond-literal-appearance/ 301
/consciousness-of-abstraction-ii/ -> /exhibitions-archive/consciousness-of-abstraction-ii/ 301
/constanza-escabi/ -> /exhibitions-archive/constanza-escabi/ 301
/constanza-escabi-2/ -> /exhibitions-archive/constanza-escabi-2/ 301
/craig-schaffer/ -> /exhibitions-archive/craig-schaffer/ 301
/cristina-biaggi/ -> /exhibitions-archive/cristina-biaggi/ 301
/crushed-crushes-2/ -> /exhibitions-archive/crushed-crushes-2/ 301
/cynthia-vaicunas/ -> /exhibitions-archive/cynthia-vaicunas/ 301
/cynthia-vaicunas-2/ -> /exhibitions-archive/cynthia-vaicunas-2/ 301
/cynthia-vaicunas-3/ -> /exhibitions-archive/cynthia-vaicunas-3/ 301
/d-j-brennan/ -> /exhibitions-archive/d-j-brennan/ 301
/dannielle-tegeder/ -> /exhibitions-archive/dannielle-tegeder/ 301
/darren-francis-mcmanus/ -> /exhibitions-archive/darren-francis-mcmanus/ 301
/darrin-martin-torsten-z-burns/ -> /exhibitions-archive/darrin-martin-torsten-z-burns/ 301
/darryl-baird/ -> /exhibitions-archive/darryl-baird/ 301
/daryl-hudson/ -> /exhibitions-archive/daryl-hudson/ 301
/daryl-hudson-2/ -> /exhibitions-archive/daryl-hudson-2/ 301
/dave-alsobrooks/ -> /exhibitions-archive/dave-alsobrooks/ 301
/david-and-nancy-bechtol/ -> /exhibitions-archive/david-and-nancy-bechtol/ 301
/david-bechtol/ -> /exhibitions-archive/david-bechtol/ 301
/david-bechtol-2/ -> /exhibitions-archive/david-bechtol-2/ 301
/david-bechtol-3/ -> /exhibitions-archive/david-bechtol-3/ 301
/david-friedman/ -> /exhibitions-archive/david-friedman/ 301
/david-voros/ -> /exhibitions-archive/david-voros/ 301
/david-yaffee/ -> /exhibitions-archive/david-yaffee/ 301
/dawn-brennan/ -> /exhibitions-archive/dawn-brennan/ 301
/dawn-brennan-2/ -> /exhibitions-archive/dawn-brennan-2/ 301
/debby-spertus/ -> /exhibitions-archive/debby-spertus/ 301
/deborah-muirhead/ -> /exhibitions-archive/deborah-muirhead/ 301
/debra-bosio-riley/ -> /exhibitions-archive/debra-bosio-riley/ 301
/debra-bosio-riley-2/ -> /exhibitions-archive/debra-bosio-riley-2/ 301
/debra-zlotsky/ -> /exhibitions-archive/debra-zlotsky/ 301
/degrees-of-influence/ -> /exhibitions-archive/degrees-of-influence/ 301
/denise-dietz-nathan-mason-ron-grenko/ -> /exhibitions-archive/denise-dietz-nathan-mason-ron-grenko/ 301
/denise-riesen/ -> /exhibitions-archive/denise-riesen/ 301
/dennis-brightwell/ -> /exhibitions-archive/dennis-brightwell/ 301
/derek-haverland/ -> /exhibitions-archive/derek-haverland/ 301
/derek-monroe/ -> /exhibitions-archive/derek-monroe/ 301
/deva-suckerman/ -> /exhibitions-archive/deva-suckerman/ 301
/dian-sourelis/ -> /exhibitions-archive/dian-sourelis/ 301
/diana-jacobs/ -> /exhibitions-archive/diana-jacobs/ 301
/diana-simon/ -> /exhibitions-archive/diana-simon/ 301
/diann-mistelske/ -> /exhibitions-archive/diann-mistelske/ 301
/digital-open/ -> /exhibitions-archive/digital-open/ 301
/distill/ -> /exhibitions-archive/distill/ 301
/doll-influx-arc-silent-auction/ -> /exhibitions-archive/doll-influx-arc-silent-auction/ 301
/doreen-maloney/ -> /exhibitions-archive/doreen-maloney/ 301
/dori-jacobson/ -> /exhibitions-archive/dori-jacobson/ 301
/doug-cannell/ -> /exhibitions-archive/doug-cannell/ 301
/doug-stapleton-kevin-newall/ -> /exhibitions-archive/doug-stapleton-kevin-newall/ 301
/douglas-mercado/ -> /exhibitions-archive/douglas-mercado/ 301
/dream-spaces/ -> /exhibitions-archive/dream-spaces/ 301
/dreams-myths/ -> /exhibitions-archive/dreams-myths/ 301
/duncan-oja/ -> /exhibitions-archive/duncan-oja/ 301
/dylan-a-t-miner/ -> /exhibitions-archive/dylan-a-t-miner/ 301
/early-recollections/ -> /exhibitions-archive/early-recollections/ 301
/eden-stern/ -> /exhibitions-archive/eden-stern/ 301
/eden-stern-2/ -> /exhibitions-archive/eden-stern-2/ 301
/eden-stern-3/ -> /exhibitions-archive/eden-stern-3/ 301
/edgar-serrano/ -> /exhibitions-archive/edgar-serrano/ 301
/edgar-sorrano/ -> /exhibitions-archive/edgar-sorrano/ 301
/elaine-pawlowicz/ -> /exhibitions-archive/elaine-pawlowicz/ 301
/elemental-lexicon/ -> /exhibitions-archive/elemental-lexicon/ 301
/elise-blue/ -> /exhibitions-archive/elise-blue/ 301
/elizabeth-coyne/ -> /exhibitions-archive/elizabeth-coyne/ 301
/elizabeth-coyne-2/ -> /exhibitions-archive/elizabeth-coyne-2/ 301
/elizabeth-coyne-3/ -> /exhibitions-archive/elizabeth-coyne-3/ 301
/ellen-holtzblatt/ -> /exhibitions-archive/ellen-holtzblatt/ 301
/ellen-petraits/ -> /exhibitions-archive/ellen-petraits/ 301
/ellen-roth-deutsch/ -> /exhibitions-archive/ellen-roth-deutsch/ 301
/ellen-roth-deutsch-2/ -> /exhibitions-archive/ellen-roth-deutsch-2/ 301
/elyse-martin/ -> /exhibitions-archive/elyse-martin/ 301
/emerging/ -> /exhibitions-archive/emerging/ 301
/emerging-2/ -> /exhibitions-archive/emerging-2/ 301
/emily-barwick/ -> /exhibitions-archive/emily-barwick/ 301
/encaustic-usa/ -> /exhibitions-archive/encaustic-usa/ 301
/endo-expressions/ -> /exhibitions-archive/endo-expressions/ 301
/era-of-preparation-and-desire-niu-mfa-graduate-exhibition/ -> /exhibitions-archive/era-of-preparation-and-desire-niu-mfa-graduate-exhibition/ 301
/erin-culton/ -> /exhibitions-archive/erin-culton/ 301
/erin-culton-2/ -> /exhibitions-archive/erin-culton-2/ 301
/estelle-joy-richman/ -> /exhibitions-archive/estelle-joy-richman/ 301
/esther-charbet-jewels/ -> /exhibitions-archive/esther-charbet-jewels/ 301
/esther-charbit/ -> /exhibitions-archive/esther-charbit/ 301
/esther-charbit-2/ -> /exhibitions-archive/esther-charbit-2/ 301
/esther-charbit-3/ -> /exhibitions-archive/esther-charbit-3/ 301
/esther-charbit-4/ -> /exhibitions-archive/esther-charbit-4/ 301
/esther-charbit-5/ -> /exhibitions-archive/esther-charbit-5/ 301
/esther-charbit-6/ -> /exhibitions-archive/esther-charbit-6/ 301
/esther-charbit-7/ -> /exhibitions-archive/esther-charbit-7/ 301
/esther-murphy/ -> /exhibitions-archive/esther-murphy/ 301
/euyoung-hong/ -> /exhibitions-archive/euyoung-hong/ 301
/euyoung-hong-extended/ -> /exhibitions-archive/euyoung-hong-extended/ 301
/exotica-bazaar/ -> /exhibitions-archive/exotica-bazaar/ 301
/extra-extras-a-pre-spring-cleaning-art-sale/ -> /exhibitions-archive/extra-extras-a-pre-spring-cleaning-art-sale/ 301
/extras-a-pre-spring-cleaning-art-sale/ -> /exhibitions-archive/extras-a-pre-spring-cleaning-art-sale/ 301
/eye-lounge-artists-exchange/ -> /exhibitions-archive/eye-lounge-artists-exchange/ 301
/feminist-interrogations/ -> /exhibitions-archive/feminist-interrogations/ 301
/fiber-artists-for-hope/ -> /exhibitions-archive/fiber-artists-for-hope/ 301
/fifth-appendage/ -> /exhibitions-archive/fifth-appendage/ 301
/figuratively-speaking/ -> /exhibitions-archive/figuratively-speaking/ 301
/filling-the-space/ -> /exhibitions-archive/filling-the-space/ 301
/flag-art/ -> /exhibitions-archive/flag-art/ 301
/forrest-solis/ -> /exhibitions-archive/forrest-solis/ 301
/fractured-yet-rising/ -> /exhibitions-archive/fractured-yet-rising/ 301
/frances-giron/ -> /exhibitions-archive/frances-giron/ 301
/frank-rozasy/ -> /exhibitions-archive/frank-rozasy/ 301
/frank-williams/ -> /exhibitions-archive/frank-williams/ 301
/frayed/ -> /exhibitions-archive/frayed/ 301
/frayed-fiber-beyond-craft/ -> /exhibitions-archive/frayed-fiber-beyond-craft/ 301
/freddy-hovey/ -> /exhibitions-archive/freddy-hovey/ 301
/fusedchicago/ -> /exhibitions-archive/fusedchicago/ 301
/gabriele-peitsch/ -> /exhibitions-archive/gabriele-peitsch/ 301
/gabriele-stich/ -> /exhibitions-archive/gabriele-stich/ 301
/gail-tanaka/ -> /exhibitions-archive/gail-tanaka/ 301
/gail-watkins/ -> /exhibitions-archive/gail-watkins/ 301
/gale-west/ -> /exhibitions-archive/gale-west/ 301
/gale-west-2/ -> /exhibitions-archive/gale-west-2/ 301
/gallery-10-ltd-exchange/ -> /exhibitions-archive/gallery-10-ltd-exchange/ 301
/gary-setzer/ -> /exhibitions-archive/gary-setzer/ 301
/gavin-gillan/ -> /exhibitions-archive/gavin-gillan/ 301
/gedock-gallery-exchange-show/ -> /exhibitions-archive/gedock-gallery-exchange-show/ 301
/generation-digital-true/ -> /exhibitions-archive/generation-digital-true/ 301
/ghosh-and-klimek/ -> /exhibitions-archive/ghosh-and-klimek/ 301
/gift-box-show/ -> /exhibitions-archive/gift-box-show/ 301
/gift-box-show-extended/ -> /exhibitions-archive/gift-box-show-extended/ 301
/gilda-oliver/ -> /exhibitions-archive/gilda-oliver/ 301
/gilkey-and-goldstein/ -> /exhibitions-archive/gilkey-and-goldstein/ 301
/gina-alicea/ -> /exhibitions-archive/gina-alicea/ 301
/global-arts-and-culture-exchange/ -> /exhibitions-archive/global-arts-and-culture-exchange/ 301
/gloria-bravo/ -> /exhibitions-archive/gloria-bravo/ 301
/go-make-a-thing/ -> /exhibitions-archive/go-make-a-thing/ 301
/graffiti-artists-invitational-juried-show/ -> /exhibitions-archive/graffiti-artists-invitational-juried-show/ 301
/granite-amit/ -> /exhibitions-archive/granite-amit/ 301
/granite-amit-2/ -> /exhibitions-archive/granite-amit-2/ 301
/granite-amit-3/ -> /exhibitions-archive/granite-amit-3/ 301
/granite-amit-4/ -> /exhibitions-archive/granite-amit-4/ 301
/granite-amit-5/ -> /exhibitions-archive/granite-amit-5/ 301
/granite-amit-6/ -> /exhibitions-archive/granite-amit-6/ 301
/granite-amit-7/ -> /exhibitions-archive/granite-amit-7/ 301
/granite-palombo-amit/ -> /exhibitions-archive/granite-palombo-amit/ 301
/granite-palombo-amit-2/ -> /exhibitions-archive/granite-palombo-amit-2/ 301
/greg-kuepfer/ -> /exhibitions-archive/greg-kuepfer/ 301
/group-show-of-peoria-area-artists/ -> /exhibitions-archive/group-show-of-peoria-area-artists/ 301
/gwynedd-trombley/ -> /exhibitions-archive/gwynedd-trombley/ 301
/hair-do/ -> /exhibitions-archive/hair-do/ 301
/halide-salam/ -> /exhibitions-archive/halide-salam/ 301
/hamburg-bremen-exchange/ -> /exhibitions-archive/hamburg-bremen-exchange/ 301
/haralez-elizabeth-monoian-and-susie-silver/ -> /exhibitions-archive/haralez-elizabeth-monoian-and-susie-silver/ 301
/harvinder-kapil-singh/ -> /exhibitions-archive/harvinder-kapil-singh/ 301
/heather-brammeier/ -> /exhibitions-archive/heather-brammeier/ 301
/heather-holdt-and-sabrina-simmons/ -> /exhibitions-archive/heather-holdt-and-sabrina-simmons/ 301
/heather-layton/ -> /exhibitions-archive/heather-layton/ 301
/helen-gotlib/ -> /exhibitions-archive/helen-gotlib/ 301
/helen-ziga/ -> /exhibitions-archive/helen-ziga/ 301
/herbert-murrie/ -> /exhibitions-archive/herbert-murrie/ 301
/heroes-and-villains/ -> /exhibitions-archive/heroes-and-villains/ 301
/his-ter-ee-uh/ -> /exhibitions-archive/his-ter-ee-uh/ 301
/his-ter-ee-uh-2/ -> /exhibitions-archive/his-ter-ee-uh-2/ 301
/holly-collins/ -> /exhibitions-archive/holly-collins/ 301
/holly-collins-2/ -> /exhibitions-archive/holly-collins-2/ 301
/holly-collins-3/ -> /exhibitions-archive/holly-collins-3/ 301
/homeshow/ -> /exhibitions-archive/homeshow/ 301
/house-of-the-good-shepherd/ -> /exhibitions-archive/house-of-the-good-shepherd/ 301
/house-of-the-good-shepherd-residents/ -> /exhibitions-archive/house-of-the-good-shepherd-residents/ 301
/hua-nian-2/ -> /exhibitions-archive/hua-nian-2/ 301
/hua-nian-3/ -> /exhibitions-archive/hua-nian-3/ 301
/hunter-cole-living-light-photographs-by-the-light-of-bioluminescent-bacteria/ -> /exhibitions-archive/hunter-cole-living-light-photographs-by-the-light-of-bioluminescent-bacteria/ 301
/hye-jeong-cho/ -> /exhibitions-archive/hye-jeong-cho/ 301
/hye-shin/ -> /exhibitions-archive/hye-shin/ 301
/hyun-ja-shin/ -> /exhibitions-archive/hyun-ja-shin/ 301
/i-am-not-this/ -> /exhibitions-archive/i-am-not-this/ 301
/i-cant-breathe/ -> /exhibitions-archive/i-cant-breathe/ 301
/i-have-a-dream-juried-exhibition/ -> /exhibitions-archive/i-have-a-dream-juried-exhibition/ 301
/i-see-london-i-see-france/ -> /exhibitions-archive/i-see-london-i-see-france/ 301
/ian-campbell/ -> /exhibitions-archive/ian-campbell/ 301
/icons-and-altars/ -> /exhibitions-archive/icons-and-altars/ 301
/illinois-art-therapy-association/ -> /exhibitions-archive/illinois-art-therapy-association/ 301
/illinois-art-therapy-association-2/ -> /exhibitions-archive/illinois-art-therapy-association-2/ 301
/imagining-futures-arc-members-show/ -> /exhibitions-archive/imagining-futures-arc-members-show/ 301
/improvisus-by-candace-law/ -> /exhibitions-archive/improvisus-by-candace-law/ 301
/inbal-palombo-amit-presents-mike-and-dave/ -> /exhibitions-archive/inbal-palombo-amit-presents-mike-and-dave/ 301
/intimacy/ -> /exhibitions-archive/intimacy/ 301
/intimacy-2/ -> /exhibitions-archive/intimacy-2/ 301
/irene-chan/ -> /exhibitions-archive/irene-chan/ 301
/iris-goldstein/ -> /exhibitions-archive/iris-goldstein/ 301
/iris-goldstein-10/ -> /exhibitions-archive/iris-goldstein-10/ 301
/iris-goldstein-11/ -> /exhibitions-archive/iris-goldstein-11/ 301
/iris-goldstein-12/ -> /exhibitions-archive/iris-goldstein-12/ 301
/iris-goldstein-13/ -> /exhibitions-archive/iris-goldstein-13/ 301
/iris-goldstein-14/ -> /exhibitions-archive/iris-goldstein-14/ 301
/iris-goldstein-2/ -> /exhibitions-archive/iris-goldstein-2/ 301
/iris-goldstein-3/ -> /exhibitions-archive/iris-goldstein-3/ 301
/iris-goldstein-4/ -> /exhibitions-archive/iris-goldstein-4/ 301
/iris-goldstein-5/ -> /exhibitions-archive/iris-goldstein-5/ 301
/iris-goldstein-6/ -> /exhibitions-archive/iris-goldstein-6/ 301
/iris-goldstein-7/ -> /exhibitions-archive/iris-goldstein-7/ 301
/iris-goldstein-8/ -> /exhibitions-archive/iris-goldstein-8/ 301
/iris-goldstein-9/ -> /exhibitions-archive/iris-goldstein-9/ 301
/irmgard-kilb-koehler/ -> /exhibitions-archive/irmgard-kilb-koehler/ 301
/irmgard-koehler-2/ -> /exhibitions-archive/irmgard-koehler-2/ 301
/it-figures-2017-2/ -> /exhibitions-archive/it-figures-2017-2/ 301
/it-figures-2017-redux/ -> /exhibitions-archive/it-figures-2017-redux/ 301
/it-figures-the-body-in-art/ -> /exhibitions-archive/it-figures-the-body-in-art/ 301
/its-not-just-clay-various-artists/ -> /exhibitions-archive/its-not-just-clay-various-artists/ 301
/ivan-stoychev-and-vassi-vasevski/ -> /exhibitions-archive/ivan-stoychev-and-vassi-vasevski/ 301
/ivan-uzunov/ -> /exhibitions-archive/ivan-uzunov/ 301
/jack-nixon/ -> /exhibitions-archive/jack-nixon/ 301
/jackie-hoysted/ -> /exhibitions-archive/jackie-hoysted/ 301
/jacqueline-katarine-hernadez/ -> /exhibitions-archive/jacqueline-katarine-hernadez/ 301
/james-mullen/ -> /exhibitions-archive/james-mullen/ 301
/jan-parker/ -> /exhibitions-archive/jan-parker/ 301
/jan-wessels/ -> /exhibitions-archive/jan-wessels/ 301
/jane-stevens/ -> /exhibitions-archive/jane-stevens/ 301
/jane-stevens-2/ -> /exhibitions-archive/jane-stevens-2/ 301
/jane-stevens-3/ -> /exhibitions-archive/jane-stevens-3/ 301
/jane-stevens-a-moment-in-time/ -> /exhibitions-archive/jane-stevens-a-moment-in-time/ 301
/janet-pines-bender/ -> /exhibitions-archive/janet-pines-bender/ 301
/janet-pines-bender-2/ -> /exhibitions-archive/janet-pines-bender-2/ 301
/janet-pines-bender-3/ -> /exhibitions-archive/janet-pines-bender-3/ 301
/janice-hartwell/ -> /exhibitions-archive/janice-hartwell/ 301
/jason-davis-and-dert/ -> /exhibitions-archive/jason-davis-and-dert/ 301
/jason-debose/ -> /exhibitions-archive/jason-debose/ 301
/jaymes-leavitt/ -> /exhibitions-archive/jaymes-leavitt/ 301
/jc-lenochan/ -> /exhibitions-archive/jc-lenochan/ 301
/jean-poklop-and-pamela-j-lee/ -> /exhibitions-archive/jean-poklop-and-pamela-j-lee/ 301
/jeanette-may/ -> /exhibitions-archive/jeanette-may/ 301
/jeff-beebe/ -> /exhibitions-archive/jeff-beebe/ 301
/jeffrey-august-zimmermann/ -> /exhibitions-archive/jeffrey-august-zimmermann/ 301
/jeffrey-beebe/ -> /exhibitions-archive/jeffrey-beebe/ 301
/jeffrey-stager/ -> /exhibitions-archive/jeffrey-stager/ 301
/jenifer-fogarty/ -> /exhibitions-archive/jenifer-fogarty/ 301
/jenifer-fogarty-2/ -> /exhibitions-archive/jenifer-fogarty-2/ 301
/jennie-roles-walter/ -> /exhibitions-archive/jennie-roles-walter/ 301
/jennifer-drinkwater/ -> /exhibitions-archive/jennifer-drinkwater/ 301
/jennifer-greenburg/ -> /exhibitions-archive/jennifer-greenburg/ 301
/jennifer-reddy/ -> /exhibitions-archive/jennifer-reddy/ 301
/jennifer-rosenfeld/ -> /exhibitions-archive/jennifer-rosenfeld/ 301
/jennifer-schmidt/ -> /exhibitions-archive/jennifer-schmidt/ 301
/jennifer-wilkey/ -> /exhibitions-archive/jennifer-wilkey/ 301
/jenny-chernansky/ -> /exhibitions-archive/jenny-chernansky/ 301
/jenny-kwon/ -> /exhibitions-archive/jenny-kwon/ 301
/jeremi-bialowas/ -> /exhibitions-archive/jeremi-bialowas/ 301
/jeremy-drummond/ -> /exhibitions-archive/jeremy-drummond/ 301
/jess-ferrone/ -> /exhibitions-archive/jess-ferrone/ 301
/jessica-gondek/ -> /exhibitions-archive/jessica-gondek/ 301
/jessica-gondek-2/ -> /exhibitions-archive/jessica-gondek-2/ 301
/jessica-gondek-3/ -> /exhibitions-archive/jessica-gondek-3/ 301
/jessica-gondek-4/ -> /exhibitions-archive/jessica-gondek-4/ 301
/jessica-gondek-5/ -> /exhibitions-archive/jessica-gondek-5/ 301
/jessica-gondek-recent-drawings/ -> /exhibitions-archive/jessica-gondek-recent-drawings/ 301
/jewel-castro/ -> /exhibitions-archive/jewel-castro/ 301
/jill-downen/ -> /exhibitions-archive/jill-downen/ 301
/jinsoo-seo/ -> /exhibitions-archive/jinsoo-seo/ 301
/joan-darcambal/ -> /exhibitions-archive/joan-darcambal/ 301
/joan-fabian/ -> /exhibitions-archive/joan-fabian/ 301
/joanne-ruggles/ -> /exhibitions-archive/joanne-ruggles/ 301
/joe-devito/ -> /exhibitions-archive/joe-devito/ 301
/joe-meiser/ -> /exhibitions-archive/joe-meiser/ 301
/joe-steiner/ -> /exhibitions-archive/joe-steiner/ 301
/joe-steiner-2/ -> /exhibitions-archive/joe-steiner-2/ 301
/johanna-silva/ -> /exhibitions-archive/johanna-silva/ 301
/johanna-silva-2/ -> /exhibitions-archive/johanna-silva-2/ 301
/john-dempsey/ -> /exhibitions-archive/john-dempsey/ 301
/john-f-peloza/ -> /exhibitions-archive/john-f-peloza/ 301
/john-kramer/ -> /exhibitions-archive/john-kramer/ 301
/john-kuchle/ -> /exhibitions-archive/john-kuchle/ 301
/john-marciniak/ -> /exhibitions-archive/john-marciniak/ 301
/john-pitman-weber/ -> /exhibitions-archive/john-pitman-weber/ 301
/john-schuerman/ -> /exhibitions-archive/john-schuerman/ 301
/john-trusk/ -> /exhibitions-archive/john-trusk/ 301
/john-trusk-2/ -> /exhibitions-archive/john-trusk-2/ 301
/jonathon-gitelson-matthew-waller-and-luke-bartels/ -> /exhibitions-archive/jonathon-gitelson-matthew-waller-and-luke-bartels/ 301
/jonathon-russell/ -> /exhibitions-archive/jonathon-russell/ 301
/jonee-cocchia/ -> /exhibitions-archive/jonee-cocchia/ 301
/jorge-estrada-daniela-paasch/ -> /exhibitions-archive/jorge-estrada-daniela-paasch/ 301
/josefina-posch/ -> /exhibitions-archive/josefina-posch/ 301
/joseph-bigley/ -> /exhibitions-archive/joseph-bigley/ 301
/joseph-lupo/ -> /exhibitions-archive/joseph-lupo/ 301
/joyce-owens/ -> /exhibitions-archive/joyce-owens/ 301
/ju-nam/ -> /exhibitions-archive/ju-nam/ 301
/judith-joseph/ -> /exhibitions-archive/judith-joseph/ 301
/judith-pollock/ -> /exhibitions-archive/judith-pollock/ 301
/judith-roston-freilich/ -> /exhibitions-archive/judith-roston-freilich/ 301
/juhl-wojahn/ -> /exhibitions-archive/juhl-wojahn/ 301
/julia-m-hechtman/ -> /exhibitions-archive/julia-m-hechtman/ 301
/julie-klaper/ -> /exhibitions-archive/julie-klaper/ 301
/julie-mclaughlin/ -> /exhibitions-archive/julie-mclaughlin/ 301
/julie-rotblatt-amrany/ -> /exhibitions-archive/julie-rotblatt-amrany/ 301
/jung-suk-kim/ -> /exhibitions-archive/jung-suk-kim/ 301
/jungmin-park/ -> /exhibitions-archive/jungmin-park/ 301
/justine-mantor/ -> /exhibitions-archive/justine-mantor/ 301
/justine-mantor-2/ -> /exhibitions-archive/justine-mantor-2/ 301
/karen-ami/ -> /exhibitions-archive/karen-ami/ 301
/karen-ami-2/ -> /exhibitions-archive/karen-ami-2/ 301
/karen-jayne-belcher/ -> /exhibitions-archive/karen-jayne-belcher/ 301
/karen-kazmer/ -> /exhibitions-archive/karen-kazmer/ 301
/karen-lange/ -> /exhibitions-archive/karen-lange/ 301
/karen-roulstone/ -> /exhibitions-archive/karen-roulstone/ 301
/karmen-polydorou/ -> /exhibitions-archive/karmen-polydorou/ 301
/kate-sartor-hilburn-and-terrie-queen-autrey/ -> /exhibitions-archive/kate-sartor-hilburn-and-terrie-queen-autrey/ 301
/katherine-nemanich/ -> /exhibitions-archive/katherine-nemanich/ 301
/katherine-steichen-rosing-couzi-ohsono/ -> /exhibitions-archive/katherine-steichen-rosing-couzi-ohsono/ 301
/kathleen-dugan/ -> /exhibitions-archive/kathleen-dugan/ 301
/kathleen-dugan-2/ -> /exhibitions-archive/kathleen-dugan-2/ 301
/kathleen-hannigan/ -> /exhibitions-archive/kathleen-hannigan/ 301
/kathy-halper/ -> /exhibitions-archive/kathy-halper/ 301
/kayce-bayer/ -> /exhibitions-archive/kayce-bayer/ 301
/kayce-bayer-kristin-miller-hopkins/ -> /exhibitions-archive/kayce-bayer-kristin-miller-hopkins/ 301
/keli-lemoi/ -> /exhibitions-archive/keli-lemoi/ 301
/keli-lemoi-2/ -> /exhibitions-archive/keli-lemoi-2/ 301
/keli-lemoi-3/ -> /exhibitions-archive/keli-lemoi-3/ 301
/keli-lemoi-4/ -> /exhibitions-archive/keli-lemoi-4/ 301
/kelly-boehmer/ -> /exhibitions-archive/kelly-boehmer/ 301
/kelly-moore/ -> /exhibitions-archive/kelly-moore/ 301
/kelly-weime/ -> /exhibitions-archive/kelly-weime/ 301
/kelly-weime-2/ -> /exhibitions-archive/kelly-weime-2/ 301
/ken-konchel/ -> /exhibitions-archive/ken-konchel/ 301
/kenneth-don/ -> /exhibitions-archive/kenneth-don/ 301
/kenneth-michael-hall/ -> /exhibitions-archive/kenneth-michael-hall/ 301
/kerry-hirth/ -> /exhibitions-archive/kerry-hirth/ 301
/kerry-hirth-2/ -> /exhibitions-archive/kerry-hirth-2/ 301
/kerry-hirth-3/ -> /exhibitions-archive/kerry-hirth-3/ 301
/kevin-kaempf/ -> /exhibitions-archive/kevin-kaempf/ 301
/kevin-von-kluck/ -> /exhibitions-archive/kevin-von-kluck/ 301
/kina-bagovska/ -> /exhibitions-archive/kina-bagovska/ 301
/kina-bagovska-2/ -> /exhibitions-archive/kina-bagovska-2/ 301
/kina-bagovska-3/ -> /exhibitions-archive/kina-bagovska-3/ 301
/kina-bagovska-4/ -> /exhibitions-archive/kina-bagovska-4/ 301
/kina-bagovska-5/ -> /exhibitions-archive/kina-bagovska-5/ 301
/kina-bagovska-6/ -> /exhibitions-archive/kina-bagovska-6/ 301
/kina-bagovska-7/ -> /exhibitions-archive/kina-bagovska-7/ 301
/kina-bagovska-8/ -> /exhibitions-archive/kina-bagovska-8/ 301
/kina-bagovska-9/ -> /exhibitions-archive/kina-bagovska-9/ 301
/kina-bagovska-earth-and-sky/ -> /exhibitions-archive/kina-bagovska-earth-and-sky/ 301
/kristen-stoltmann/ -> /exhibitions-archive/kristen-stoltmann/ 301
/kristina-gosh/ -> /exhibitions-archive/kristina-gosh/ 301
/kristina-gosh-2/ -> /exhibitions-archive/kristina-gosh-2/ 301
/kristina-gosh-3/ -> /exhibitions-archive/kristina-gosh-3/ 301
/kristina-gosh-4/ -> /exhibitions-archive/kristina-gosh-4/ 301
/kristina-gosh-5/ -> /exhibitions-archive/kristina-gosh-5/ 301
/kristopher-dodd/ -> /exhibitions-archive/kristopher-dodd/ 301
/kryssi-staikidis/ -> /exhibitions-archive/kryssi-staikidis/ 301
/kyra-garrigue/ -> /exhibitions-archive/kyra-garrigue/ 301
/landescape/ -> /exhibitions-archive/landescape/ 301
/langolier-photo-collective/ -> /exhibitions-archive/langolier-photo-collective/ 301
/lara-beth-mitchell/ -> /exhibitions-archive/lara-beth-mitchell/ 301
/larry-groeber/ -> /exhibitions-archive/larry-groeber/ 301
/latin-school-advanced-art-and-photography/ -> /exhibitions-archive/latin-school-advanced-art-and-photography/ 301
/laura-blaker/ -> /exhibitions-archive/laura-blaker/ 301
/laura-chessin/ -> /exhibitions-archive/laura-chessin/ 301
/laura-cloud/ -> /exhibitions-archive/laura-cloud/ 301
/laura-cloud-2/ -> /exhibitions-archive/laura-cloud-2/ 301
/laura-cloud-3/ -> /exhibitions-archive/laura-cloud-3/ 301
/laura-cloud-4/ -> /exhibitions-archive/laura-cloud-4/ 301
/laura-cloud-5/ -> /exhibitions-archive/laura-cloud-5/ 301
/laura-lencioni/ -> /exhibitions-archive/laura-lencioni/ 301
/laura-lencioni-2/ -> /exhibitions-archive/laura-lencioni-2/ 301
/laura-m-lencioni/ -> /exhibitions-archive/laura-m-lencioni/ 301
/laura-prange/ -> /exhibitions-archive/laura-prange/ 301
/lauren-feece/ -> /exhibitions-archive/lauren-feece/ 301
/lauren-kalman-millee-tibbs/ -> /exhibitions-archive/lauren-kalman-millee-tibbs/ 301
/lauren-targ/ -> /exhibitions-archive/lauren-targ/ 301
/lauren-targ-mary-rachel-fanning/ -> /exhibitions-archive/lauren-targ-mary-rachel-fanning/ 301
/laurie-sucher/ -> /exhibitions-archive/laurie-sucher/ 301
/leah-michaelson/ -> /exhibitions-archive/leah-michaelson/ 301
/lee-stanton/ -> /exhibitions-archive/lee-stanton/ 301
/lee-stanton-2/ -> /exhibitions-archive/lee-stanton-2/ 301
/leslie-eliet/ -> /exhibitions-archive/leslie-eliet/ 301
/leslie-eliet-2/ -> /exhibitions-archive/leslie-eliet-2/ 301
/li-lin-lee/ -> /exhibitions-archive/li-lin-lee/ 301
/linda-king-ferguson/ -> /exhibitions-archive/linda-king-ferguson/ 301
/linda-robinson-gordon/ -> /exhibitions-archive/linda-robinson-gordon/ 301
/linda-soberman/ -> /exhibitions-archive/linda-soberman/ 301
/linda-sorkin-eisenberg/ -> /exhibitions-archive/linda-sorkin-eisenberg/ 301
/lisa-bang-hoffman/ -> /exhibitions-archive/lisa-bang-hoffman/ 301
/lisa-boumstein-smalley/ -> /exhibitions-archive/lisa-boumstein-smalley/ 301
/lisa-robinson/ -> /exhibitions-archive/lisa-robinson/ 301
/lori-daniels/ -> /exhibitions-archive/lori-daniels/ 301
/lorraine-simms/ -> /exhibitions-archive/lorraine-simms/ 301
/lorre-hoffman/ -> /exhibitions-archive/lorre-hoffman/ 301
/louise-silk/ -> /exhibitions-archive/louise-silk/ 301
/lynn-christine-kelly/ -> /exhibitions-archive/lynn-christine-kelly/ 301
/lynn-tomaszewski/ -> /exhibitions-archive/lynn-tomaszewski/ 301
/lynnette-ojeda-mohill/ -> /exhibitions-archive/lynnette-ojeda-mohill/ 301
/lynnette-ojeda-mohill-3/ -> /exhibitions-archive/lynnette-ojeda-mohill-3/ 301
/m-giedre-zumbakis-pamela-elesh-barbara-breyer-and-irene-ryan-maloney/ -> /exhibitions-archive/m-giedre-zumbakis-pamela-elesh-barbara-breyer-and-irene-ryan-maloney/ 301
/mae-leong/ -> /exhibitions-archive/mae-leong/ 301
/make-an-end-of-year-donation-to-arc/ -> /exhibitions-archive/make-an-end-of-year-donation-to-arc/ 301
/maki-hajikanol/ -> /exhibitions-archive/maki-hajikanol/ 301
/manal-deeb/ -> /exhibitions-archive/manal-deeb/ 301
/manal-deeb-2/ -> /exhibitions-archive/manal-deeb-2/ 301
/marci-rubin/ -> /exhibitions-archive/marci-rubin/ 301
/margaret-catania/ -> /exhibitions-archive/margaret-catania/ 301
/margaret-lejeune-sabba-saleem-syal/ -> /exhibitions-archive/margaret-lejeune-sabba-saleem-syal/ 301
/margaret-wright/ -> /exhibitions-archive/margaret-wright/ 301
/marguerite-french/ -> /exhibitions-archive/marguerite-french/ 301
/marie-arhontas/ -> /exhibitions-archive/marie-arhontas/ 301
/marilyn-artist-as-an-icon/ -> /exhibitions-archive/marilyn-artist-as-an-icon/ 301
/marilyn-schulenburg/ -> /exhibitions-archive/marilyn-schulenburg/ 301
/marilyn-sward/ -> /exhibitions-archive/marilyn-sward/ 301
/marilyn-sward-2/ -> /exhibitions-archive/marilyn-sward-2/ 301
/marilyn-sward-3/ -> /exhibitions-archive/marilyn-sward-3/ 301
/mario-flores-urban/ -> /exhibitions-archive/mario-flores-urban/ 301
/marissa-andrea-woloszczuk/ -> /exhibitions-archive/marissa-andrea-woloszczuk/ 301
/marjorie-blackwell/ -> /exhibitions-archive/marjorie-blackwell/ 301
/marjorie-durko-puryear/ -> /exhibitions-archive/marjorie-durko-puryear/ 301
/mark-faraday/ -> /exhibitions-archive/mark-faraday/ 301
/mark-laliberte/ -> /exhibitions-archive/mark-laliberte/ 301
/mark-w-brueggeman/ -> /exhibitions-archive/mark-w-brueggeman/ 301
/martha-macleish/ -> /exhibitions-archive/martha-macleish/ 301
/martha-zackey/ -> /exhibitions-archive/martha-zackey/ 301
/martin-beck/ -> /exhibitions-archive/martin-beck/ 301
/martin-drapkin/ -> /exhibitions-archive/martin-drapkin/ 301
/mary-burks/ -> /exhibitions-archive/mary-burks/ 301
/mary-jane-duffy/ -> /exhibitions-archive/mary-jane-duffy/ 301
/mary-jo-anderson/ -> /exhibitions-archive/mary-jo-anderson/ 301
/mary-maughelli/ -> /exhibitions-archive/mary-maughelli/ 301
/mary-min/ -> /exhibitions-archive/mary-min/ 301
/mary-min-2/ -> /exhibitions-archive/mary-min-2/ 301
/maryam-safajoo/ -> /exhibitions-archive/maryam-safajoo/ 301
/masha-keating/ -> /exhibitions-archive/masha-keating/ 301
/mason-hall/ -> /exhibitions-archive/mason-hall/ 301
/materiality/ -> /exhibitions-archive/materiality/ 301
/mathias-schergen/ -> /exhibitions-archive/mathias-schergen/ 301
/matt-croteau/ -> /exhibitions-archive/matt-croteau/ 301
/maxine-henryson/ -> /exhibitions-archive/maxine-henryson/ 301
/mchenry-county-college-explorations-in-photography/ -> /exhibitions-archive/mchenry-county-college-explorations-in-photography/ 301
/meg-duguid/ -> /exhibitions-archive/meg-duguid/ 301
/mel-bode/ -> /exhibitions-archive/mel-bode/ 301
/melanie-adcock/ -> /exhibitions-archive/melanie-adcock/ 301
/melanie-feerst/ -> /exhibitions-archive/melanie-feerst/ 301
/melissa-christiano/ -> /exhibitions-archive/melissa-christiano/ 301
/melissa-levin/ -> /exhibitions-archive/melissa-levin/ 301
/melissa-levin-2/ -> /exhibitions-archive/melissa-levin-2/ 301
/memberexhibition2019/ -> /exhibitions-archive/memberexhibition2019/ 301
/members-of-the-council-for-the-jewish-elderly/ -> /exhibitions-archive/members-of-the-council-for-the-jewish-elderly/ 301
/members-open/ -> /exhibitions-archive/members-open/ 301
/membership-exhibition/ -> /exhibitions-archive/membership-exhibition/ 301
/meredith-dytch/ -> /exhibitions-archive/meredith-dytch/ 301
/meredith-dytch-2/ -> /exhibitions-archive/meredith-dytch-2/ 301
/meryl-levenstein/ -> /exhibitions-archive/meryl-levenstein/ 301
/metaphors-for-the-soul/ -> /exhibitions-archive/metaphors-for-the-soul/ 301
/mfa-university-of-iowa-graduate-show/ -> /exhibitions-archive/mfa-university-of-iowa-graduate-show/ 301
/micha-scarpelli/ -> /exhibitions-archive/micha-scarpelli/ 301
/michael-fischerkeller/ -> /exhibitions-archive/michael-fischerkeller/ 301
/michael-goro/ -> /exhibitions-archive/michael-goro/ 301
/michael-gould/ -> /exhibitions-archive/michael-gould/ 301
/michael-rodemer/ -> /exhibitions-archive/michael-rodemer/ 301
/michael-wille/ -> /exhibitions-archive/michael-wille/ 301
/michele-beck-and-jorge-calao/ -> /exhibitions-archive/michele-beck-and-jorge-calao/ 301
/michele-feder-nadoff-and-kannan/ -> /exhibitions-archive/michele-feder-nadoff-and-kannan/ 301
/michele-stutts/ -> /exhibitions-archive/michele-stutts/ 301
/michele-stutts-2/ -> /exhibitions-archive/michele-stutts-2/ 301
/michele-stutts-3/ -> /exhibitions-archive/michele-stutts-3/ 301
/michele-stutts-4/ -> /exhibitions-archive/michele-stutts-4/ 301
/michele-stutts-5/ -> /exhibitions-archive/michele-stutts-5/ 301
/michele-stutts-6/ -> /exhibitions-archive/michele-stutts-6/ 301
/michele-stutts-7/ -> /exhibitions-archive/michele-stutts-7/ 301
/michelle-cox/ -> /exhibitions-archive/michelle-cox/ 301
/michelle-hinebrook/ -> /exhibitions-archive/michelle-hinebrook/ 301
/michelle-shipka/ -> /exhibitions-archive/michelle-shipka/ 301
/michelle-stutts/ -> /exhibitions-archive/michelle-stutts/ 301
/mike-bohacz-and-trish-happel/ -> /exhibitions-archive/mike-bohacz-and-trish-happel/ 301
/mike-hanson/ -> /exhibitions-archive/mike-hanson/ 301
/miki-baird/ -> /exhibitions-archive/miki-baird/ 301
/millenium-melange/ -> /exhibitions-archive/millenium-melange/ 301
/mirjana-ugrinov/ -> /exhibitions-archive/mirjana-ugrinov/ 301
/mirjana-ugrinov-with-robin-behn/ -> /exhibitions-archive/mirjana-ugrinov-with-robin-behn/ 301
/money-money-money/ -> /exhibitions-archive/money-money-money/ 301
/monica-bauer/ -> /exhibitions-archive/monica-bauer/ 301
/monica-bauer-2/ -> /exhibitions-archive/monica-bauer-2/ 301
/monica-brown/ -> /exhibitions-archive/monica-brown/ 301
/monica-j-brown/ -> /exhibitions-archive/monica-j-brown/ 301
/monica-j-brown-2/ -> /exhibitions-archive/monica-j-brown-2/ 301
/monica-j-brown-3/ -> /exhibitions-archive/monica-j-brown-3/ 301
/monica-j-brown-4/ -> /exhibitions-archive/monica-j-brown-4/ 301
/moving-on-mon-amour/ -> /exhibitions-archive/moving-on-mon-amour/ 301
/muhammad-naqee/ -> /exhibitions-archive/muhammad-naqee/ 301
/multi-disciplinary-arts-center-mdac-artists/ -> /exhibitions-archive/multi-disciplinary-arts-center-mdac-artists/ 301
/multiple-faces-masks-photographs-self-portraits/ -> /exhibitions-archive/multiple-faces-masks-photographs-self-portraits/ 301
/n-a-f-t-a-not-a-fair-trade-for-all/ -> /exhibitions-archive/n-a-f-t-a-not-a-fair-trade-for-all/ 301
/nam-clark/ -> /exhibitions-archive/nam-clark/ 301
/nancy-agati/ -> /exhibitions-archive/nancy-agati/ 301
/nancy-bechtol/ -> /exhibitions-archive/nancy-bechtol/ 301
/nancy-bechtol-2/ -> /exhibitions-archive/nancy-bechtol-2/ 301
/nancy-bechtol-3/ -> /exhibitions-archive/nancy-bechtol-3/ 301
/nancy-bechtol-4/ -> /exhibitions-archive/nancy-bechtol-4/ 301
/nancy-bechtol-5/ -> /exhibitions-archive/nancy-bechtol-5/ 301
/nancy-bechtol-6/ -> /exhibitions-archive/nancy-bechtol-6/ 301
/nancy-bechtol-and-david-bechtol/ -> /exhibitions-archive/nancy-bechtol-and-david-bechtol/ 301
/nancy-bechtol-and-david-bechtol-2/ -> /exhibitions-archive/nancy-bechtol-and-david-bechtol-2/ 301
/nancy-charak/ -> /exhibitions-archive/nancy-charak/ 301
/nancy-david-bechtol/ -> /exhibitions-archive/nancy-david-bechtol/ 301
/nancy-eiseman-paul/ -> /exhibitions-archive/nancy-eiseman-paul/ 301
/nancy-fritz/ -> /exhibitions-archive/nancy-fritz/ 301
/nancy-fritz-2/ -> /exhibitions-archive/nancy-fritz-2/ 301
/nancy-fritz-3/ -> /exhibitions-archive/nancy-fritz-3/ 301
/nancy-fritz-4/ -> /exhibitions-archive/nancy-fritz-4/ 301
/nancy-fritz-5/ -> /exhibitions-archive/nancy-fritz-5/ 301
/nancy-fritz-6/ -> /exhibitions-archive/nancy-fritz-6/ 301
/nancy-legner/ -> /exhibitions-archive/nancy-legner/ 301
/nancy-lu-rosenheim/ -> /exhibitions-archive/nancy-lu-rosenheim/ 301
/nancy-nainis/ -> /exhibitions-archive/nancy-nainis/ 301
/naoe-suzuki/ -> /exhibitions-archive/naoe-suzuki/ 301
/natalie-macellaio-and-shannon-sullivan/ -> /exhibitions-archive/natalie-macellaio-and-shannon-sullivan/ 301
/natascha-ampunant/ -> /exhibitions-archive/natascha-ampunant/ 301
/national-exposure-revisited-a-juried-national-photo-exhibition/ -> /exhibitions-archive/national-exposure-revisited-a-juried-national-photo-exhibition/ 301
/national-exposure-vi/ -> /exhibitions-archive/national-exposure-vi/ 301
/national-i-juried-exhibition/ -> /exhibitions-archive/national-i-juried-exhibition/ 301
/national-ii-juried-exhibition/ -> /exhibitions-archive/national-ii-juried-exhibition/ 301
/national-womens-caucus-for-art-exhibition-2014/ -> /exhibitions-archive/national-womens-caucus-for-art-exhibition-2014/ 301
/nature-in-focus/ -> /exhibitions-archive/nature-in-focus/ 301
/nelson-w-armour/ -> /exhibitions-archive/nelson-w-armour/ 301
/nicole-hollander/ -> /exhibitions-archive/nicole-hollander/ 301
/nicole-jacquard/ -> /exhibitions-archive/nicole-jacquard/ 301
/nicole-jacquard-and-michelle-givens/ -> /exhibitions-archive/nicole-jacquard-and-michelle-givens/ 301
/nicole-mccormick-santiago/ -> /exhibitions-archive/nicole-mccormick-santiago/ 301
/nitty-gritty-niu-thesis-exhibition/ -> /exhibitions-archive/nitty-gritty-niu-thesis-exhibition/ 301
/niu-mfa-exhibition/ -> /exhibitions-archive/niu-mfa-exhibition/ 301
/nomeda-grumada/ -> /exhibitions-archive/nomeda-grumada/ 301
/norma-cochocity/ -> /exhibitions-archive/norma-cochocity/ 301
/norma-cochovity/ -> /exhibitions-archive/norma-cochovity/ 301
/norma-cochovity-2/ -> /exhibitions-archive/norma-cochovity-2/ 301
/northern-illinois-university-master-of-fine-arts-exhibition/ -> /exhibitions-archive/northern-illinois-university-master-of-fine-arts-exhibition/ 301
/northern-illinois-university-mfa-candidates-exhibit/ -> /exhibitions-archive/northern-illinois-university-mfa-candidates-exhibit/ 301
/northern-illinois-university-mfa-exhibition/ -> /exhibitions-archive/northern-illinois-university-mfa-exhibition/ 301
/not-just-drawing-a-line-with-intent/ -> /exhibitions-archive/not-just-drawing-a-line-with-intent/ 301
/observing_motherhood_exhibition/ -> /exhibitions-archive/observing_motherhood_exhibition/ 301
/off-the-wall-we-the-people/ -> /exhibitions-archive/off-the-wall-we-the-people/ 301
/oklahoma-ward/ -> /exhibitions-archive/oklahoma-ward/ 301
/on-the-theme-of-love/ -> /exhibitions-archive/on-the-theme-of-love/ 301
/ooh-la-la-chicago/ -> /exhibitions-archive/ooh-la-la-chicago/ 301
/open-studio-project-art-witness/ -> /exhibitions-archive/open-studio-project-art-witness/ 301
/opening-reception-11-07-14/ -> /exhibitions-archive/opening-reception-11-07-14/ 301
/opening-reception-november-7-2014/ -> /exhibitions-archive/opening-reception-november-7-2014/ 301
/orit-siman-tov/ -> /exhibitions-archive/orit-siman-tov/ 301
/our-choice/ -> /exhibitions-archive/our-choice/ 301
/our-planet-ourselves/ -> /exhibitions-archive/our-planet-ourselves/ 301
/p-j-mills/ -> /exhibitions-archive/p-j-mills/ 301
/paco-rosick/ -> /exhibitions-archive/paco-rosick/ 301
/paint-it-silver/ -> /exhibitions-archive/paint-it-silver/ 301
/palestinian-jewish-and-israeli-artists/ -> /exhibitions-archive/palestinian-jewish-and-israeli-artists/ 301
/pam-bower/ -> /exhibitions-archive/pam-bower/ 301
/pamela-hobbs/ -> /exhibitions-archive/pamela-hobbs/ 301
/pamela-hobbs-2/ -> /exhibitions-archive/pamela-hobbs-2/ 301
/pamela-hobbs-3/ -> /exhibitions-archive/pamela-hobbs-3/ 301
/pamela-sloan/ -> /exhibitions-archive/pamela-sloan/ 301
/pamela-staker/ -> /exhibitions-archive/pamela-staker/ 301
/pamela-staker-2/ -> /exhibitions-archive/pamela-staker-2/ 301
/paris-chicago-in-transit/ -> /exhibitions-archive/paris-chicago-in-transit/ 301
/paris-in-chicago-international-exchange/ -> /exhibitions-archive/paris-in-chicago-international-exchange/ 301
/pat-otto/ -> /exhibitions-archive/pat-otto/ 301
/patrice-nelson/ -> /exhibitions-archive/patrice-nelson/ 301
/patricia-otto/ -> /exhibitions-archive/patricia-otto/ 301
/patricia-otto-2/ -> /exhibitions-archive/patricia-otto-2/ 301
/patricia-otto-3/ -> /exhibitions-archive/patricia-otto-3/ 301
/paul-krainak/ -> /exhibitions-archive/paul-krainak/ 301
/pauline-kochanski/ -> /exhibitions-archive/pauline-kochanski/ 301
/pauline-kochanski-2/ -> /exhibitions-archive/pauline-kochanski-2/ 301
/peggy-gentleman/ -> /exhibitions-archive/peggy-gentleman/ 301
/pentimento-2014-acrylic-paintings-by-ruti-modlin/ -> /exhibitions-archive/pentimento-2014-acrylic-paintings-by-ruti-modlin/ 301
/perspectives-figuration-and-abstraction-in-contemporary-black-art/ -> /exhibitions-archive/perspectives-figuration-and-abstraction-in-contemporary-black-art/ 301
/peter-williams/ -> /exhibitions-archive/peter-williams/ 301
/piece-process/ -> /exhibitions-archive/piece-process/ 301
/piecing-a-quilt-of-life/ -> /exhibitions-archive/piecing-a-quilt-of-life/ 301
/ping-homeric/ -> /exhibitions-archive/ping-homeric/ 301
/plucked-gleaned/ -> /exhibitions-archive/plucked-gleaned/ 301
/podcast-about-arc/ -> /exhibitions-archive/podcast-about-arc/ 301
/poetic-dialogue/ -> /exhibitions-archive/poetic-dialogue/ 301
/poetic-dialogue-project-2005/ -> /exhibitions-archive/poetic-dialogue-project-2005/ 301
/prabha-mallesh/ -> /exhibitions-archive/prabha-mallesh/ 301
/pride-and-prejudice-gender-realities-in-the-21st-century-2/ -> /exhibitions-archive/pride-and-prejudice-gender-realities-in-the-21st-century-2/ 301
/quiet-circus/ -> /exhibitions-archive/quiet-circus/ 301
/rachel-zollinger/ -> /exhibitions-archive/rachel-zollinger/ 301
/ralitza-m-vladimirova-and-antonia-duende/ -> /exhibitions-archive/ralitza-m-vladimirova-and-antonia-duende/ 301
/ralitza-vladimirov/ -> /exhibitions-archive/ralitza-vladimirov/ 301
/randi-shepard/ -> /exhibitions-archive/randi-shepard/ 301
/randi-shepard-bauer/ -> /exhibitions-archive/randi-shepard-bauer/ 301
/reality-and-art/ -> /exhibitions-archive/reality-and-art/ 301
/reassignments-juried-by-joyce-owens/ -> /exhibitions-archive/reassignments-juried-by-joyce-owens/ 301
/rebecca-ringquist/ -> /exhibitions-archive/rebecca-ringquist/ 301
/recurrent-dreams/ -> /exhibitions-archive/recurrent-dreams/ 301
/recurrent-dreams-panel-discussion-sat-april-16th-4-6-pm/ -> /exhibitions-archive/recurrent-dreams-panel-discussion-sat-april-16th-4-6-pm/ 301
/recurrent-dreams-project/ -> /exhibitions-archive/recurrent-dreams-project/ 301
/red-white-and-blue/ -> /exhibitions-archive/red-white-and-blue/ 301
/redhead-gallery-exchange/ -> /exhibitions-archive/redhead-gallery-exchange/ 301
/regional-vi/ -> /exhibitions-archive/regional-vi/ 301
/reinvention-2/ -> /exhibitions-archive/reinvention-2/ 301
/reinvention-an-open-walls-exhibition/ -> /exhibitions-archive/reinvention-an-open-walls-exhibition/ 301
/reinvention-ii-exhibition/ -> /exhibitions-archive/reinvention-ii-exhibition/ 301
/rena-leinberger/ -> /exhibitions-archive/rena-leinberger/ 301
/renacer-reborn/ -> /exhibitions-archive/renacer-reborn/ 301
/rene-schuler/ -> /exhibitions-archive/rene-schuler/ 301
/renee-klyczek-nordstrom/ -> /exhibitions-archive/renee-klyczek-nordstrom/ 301
/renee-mcginnis/ -> /exhibitions-archive/renee-mcginnis/ 301
/renee-mcginnis-2/ -> /exhibitions-archive/renee-mcginnis-2/ 301
/renee-mcginnis-4/ -> /exhibitions-archive/renee-mcginnis-4/ 301
/renee-mcginnis-5/ -> /exhibitions-archive/renee-mcginnis-5/ 301
/renee-mcginnis-6/ -> /exhibitions-archive/renee-mcginnis-6/ 301
/renee-mcginnis-7/ -> /exhibitions-archive/renee-mcginnis-7/ 301
/renee-mcginnis-8/ -> /exhibitions-archive/renee-mcginnis-8/ 301
/residents-of-a-shelter-from-domestic-violence/ -> /exhibitions-archive/residents-of-a-shelter-from-domestic-violence/ 301
/residue-of-silence/ -> /exhibitions-archive/residue-of-silence/ 301
/resolute/ -> /exhibitions-archive/resolute/ 301
/respirations-now/ -> /exhibitions-archive/respirations-now/ 301
/respirations-now-5/ -> /exhibitions-archive/respirations-now-5/ 301
/richa-sharma/ -> /exhibitions-archive/richa-sharma/ 301
/richard-a-herzog/ -> /exhibitions-archive/richard-a-herzog/ 301
/rina-y-yoon/ -> /exhibitions-archive/rina-y-yoon/ 301
/rine-boyer/ -> /exhibitions-archive/rine-boyer/ 301
/robert-egan/ -> /exhibitions-archive/robert-egan/ 301
/robert-egan-2/ -> /exhibitions-archive/robert-egan-2/ 301
/robert-egan-3/ -> /exhibitions-archive/robert-egan-3/ 301
/robert-magrisso/ -> /exhibitions-archive/robert-magrisso/ 301
/robert-magrisso-2/ -> /exhibitions-archive/robert-magrisso-2/ 301
/robin-cass/ -> /exhibitions-archive/robin-cass/ 301
/robin-mccauley/ -> /exhibitions-archive/robin-mccauley/ 301
/rochelle-weiner/ -> /exhibitions-archive/rochelle-weiner/ 301
/ron-grenko-and-michael-markowski/ -> /exhibitions-archive/ron-grenko-and-michael-markowski/ 301
/rose-m-barron/ -> /exhibitions-archive/rose-m-barron/ 301
/rosemary-meza-desplas/ -> /exhibitions-archive/rosemary-meza-desplas/ 301
/rosemary-meza-desplas-2/ -> /exhibitions-archive/rosemary-meza-desplas-2/ 301
/rosemary-meza-desplas-3/ -> /exhibitions-archive/rosemary-meza-desplas-3/ 301
/rudy-gonzalez/ -> /exhibitions-archive/rudy-gonzalez/ 301
/ruti-modlin/ -> /exhibitions-archive/ruti-modlin/ 301
/ruti-modlin-2/ -> /exhibitions-archive/ruti-modlin-2/ 301
/ruti-modlin-3/ -> /exhibitions-archive/ruti-modlin-3/ 301
/ruti-modlin-4/ -> /exhibitions-archive/ruti-modlin-4/ 301
/ruti-modlin-5/ -> /exhibitions-archive/ruti-modlin-5/ 301
/ryan-borque/ -> /exhibitions-archive/ryan-borque/ 301
/ryan-zoghlin/ -> /exhibitions-archive/ryan-zoghlin/ 301
/ryanbarrett-aka-the-mousetrap-artist/ -> /exhibitions-archive/ryanbarrett-aka-the-mousetrap-artist/ 301
/sally-graves-machlis/ -> /exhibitions-archive/sally-graves-machlis/ 301
/samar-modonpour/ -> /exhibitions-archive/samar-modonpour/ 301
/sandra-blanc/ -> /exhibitions-archive/sandra-blanc/ 301
/sapphire-and-crystals-collective-of-african-american-women-artists/ -> /exhibitions-archive/sapphire-and-crystals-collective-of-african-american-women-artists/ 301
/sarah-barnhart-fields/ -> /exhibitions-archive/sarah-barnhart-fields/ 301
/sarah-beth-woods/ -> /exhibitions-archive/sarah-beth-woods/ 301
/sarah-conaway/ -> /exhibitions-archive/sarah-conaway/ 301
/sarah-kaiser/ -> /exhibitions-archive/sarah-kaiser/ 301
/sari-maxfield/ -> /exhibitions-archive/sari-maxfield/ 301
/saturday-june-19-closing-reception-for-charlotte-segal-anne-farley-gaines-geoffrey-noveli/ -> /exhibitions-archive/saturday-june-19-closing-reception-for-charlotte-segal-anne-farley-gaines-geoffrey-noveli/ 301
/saturday-morning-salon/ -> /exhibitions-archive/saturday-morning-salon/ 301
/scott-marshall/ -> /exhibitions-archive/scott-marshall/ 301
/scott-nava/ -> /exhibitions-archive/scott-nava/ 301
/scott-townsend/ -> /exhibitions-archive/scott-townsend/ 301
/sculpture-motley-cruise/ -> /exhibitions-archive/sculpture-motley-cruise/ 301
/seamus-orourke/ -> /exhibitions-archive/seamus-orourke/ 301
/sean-caulfield/ -> /exhibitions-archive/sean-caulfield/ 301
/sean-rausa-griskenas/ -> /exhibitions-archive/sean-rausa-griskenas/ 301
/seeing-red/ -> /exhibitions-archive/seeing-red/ 301
/seguin-retarded-citizens-association/ -> /exhibitions-archive/seguin-retarded-citizens-association/ 301
/sela-koren/ -> /exhibitions-archive/sela-koren/ 301
/sequential-art-comics-and-beyond/ -> /exhibitions-archive/sequential-art-comics-and-beyond/ 301
/serik-kulmeshkenov/ -> /exhibitions-archive/serik-kulmeshkenov/ 301
/seven-chicago-based-artists/ -> /exhibitions-archive/seven-chicago-based-artists/ 301
/sewon-winn/ -> /exhibitions-archive/sewon-winn/ 301
/shades-of-myself/ -> /exhibitions-archive/shades-of-myself/ 301
/shahin-afnan/ -> /exhibitions-archive/shahin-afnan/ 301
/shane-prine/ -> /exhibitions-archive/shane-prine/ 301
/sharon-gilmore/ -> /exhibitions-archive/sharon-gilmore/ 301
/shauna-angel-blue/ -> /exhibitions-archive/shauna-angel-blue/ 301
/sheila-ernst-biafa/ -> /exhibitions-archive/sheila-ernst-biafa/ 301
/sheila-finnigan/ -> /exhibitions-archive/sheila-finnigan/ 301
/sheila-shochet/ -> /exhibitions-archive/sheila-shochet/ 301
/shelia-finnigan/ -> /exhibitions-archive/shelia-finnigan/ 301
/shelia-finnigan-2/ -> /exhibitions-archive/shelia-finnigan-2/ 301
/shelley-gilchrist/ -> /exhibitions-archive/shelley-gilchrist/ 301
/shelley-gilchrist-2/ -> /exhibitions-archive/shelley-gilchrist-2/ 301
/sherry-tompalski-and-graham-thompson/ -> /exhibitions-archive/sherry-tompalski-and-graham-thompson/ 301
/shim-jung-rhee/ -> /exhibitions-archive/shim-jung-rhee/ 301
/shirley-englestein/ -> /exhibitions-archive/shirley-englestein/ 301
/shiro-akiyoshi/ -> /exhibitions-archive/shiro-akiyoshi/ 301
/shmura-campbell/ -> /exhibitions-archive/shmura-campbell/ 301
/sixth-street-photography-workshop/ -> /exhibitions-archive/sixth-street-photography-workshop/ 301
/sky-impressions-and-other-thoughts-multi-media-installation-by-laura-cloud/ -> /exhibitions-archive/sky-impressions-and-other-thoughts-multi-media-installation-by-laura-cloud/ 301
/slide-talks/ -> /exhibitions-archive/slide-talks/ 301
/snow-city-arts-foundation/ -> /exhibitions-archive/snow-city-arts-foundation/ 301
/solidarity-between-generations-korean-women-artists/ -> /exhibitions-archive/solidarity-between-generations-korean-women-artists/ 301
/solitudevirtualopening/ -> /exhibitions-archive/solitudevirtualopening/ 301
/some-essential-paradigms-and-critical-observations-in-contemporary-art/ -> /exhibitions-archive/some-essential-paradigms-and-critical-observations-in-contemporary-art/ 301
/songyl-kim/ -> /exhibitions-archive/songyl-kim/ 301
/soshana/ -> /exhibitions-archive/soshana/ 301
/spassimir-stoitzev/ -> /exhibitions-archive/spassimir-stoitzev/ 301
/spencer-hutchinson/ -> /exhibitions-archive/spencer-hutchinson/ 301
/square-arc-members-show/ -> /exhibitions-archive/square-arc-members-show/ 301
/square-the-arc-gallery-members-exhibition/ -> /exhibitions-archive/square-the-arc-gallery-members-exhibition/ 301
/stan-bhellanbarger-dutes-miler/ -> /exhibitions-archive/stan-bhellanbarger-dutes-miler/ 301
/stanislav-grezdo/ -> /exhibitions-archive/stanislav-grezdo/ 301
/step-by-step/ -> /exhibitions-archive/step-by-step/ 301
/sue-katz/ -> /exhibitions-archive/sue-katz/ 301
/sue-sommers/ -> /exhibitions-archive/sue-sommers/ 301
/sun-h-choi/ -> /exhibitions-archive/sun-h-choi/ 301
/susan-and-rick-michod-lori-gunn-wirsum-and-zack-wirsum/ -> /exhibitions-archive/susan-and-rick-michod-lori-gunn-wirsum-and-zack-wirsum/ 301
/susan-crowell/ -> /exhibitions-archive/susan-crowell/ 301
/susan-emmerson/ -> /exhibitions-archive/susan-emmerson/ 301
/susan-mart/ -> /exhibitions-archive/susan-mart/ 301
/susan-mart-ellen-deutsch-margot-gottfried/ -> /exhibitions-archive/susan-mart-ellen-deutsch-margot-gottfried/ 301
/susan-pergentini-rice/ -> /exhibitions-archive/susan-pergentini-rice/ 301
/susan-smith-trees/ -> /exhibitions-archive/susan-smith-trees/ 301
/svetlana-sekana-radovic/ -> /exhibitions-archive/svetlana-sekana-radovic/ 301
/sylvia-hommert/ -> /exhibitions-archive/sylvia-hommert/ 301
/taking-a-risk-arc-gallery-mini-members-exhibit/ -> /exhibitions-archive/taking-a-risk-arc-gallery-mini-members-exhibit/ 301
/tamaki-honda/ -> /exhibitions-archive/tamaki-honda/ 301
/tamaki-honda-2/ -> /exhibitions-archive/tamaki-honda-2/ 301
/tamara-petrov/ -> /exhibitions-archive/tamara-petrov/ 301
/tamara-petrov-3/ -> /exhibitions-archive/tamara-petrov-3/ 301
/tanya-hartman/ -> /exhibitions-archive/tanya-hartman/ 301
/tanya-hartman-2/ -> /exhibitions-archive/tanya-hartman-2/ 301
/tanya-synar/ -> /exhibitions-archive/tanya-synar/ 301
/tehilla-newman/ -> /exhibitions-archive/tehilla-newman/ 301
/tehilla-newman-debby-spertus/ -> /exhibitions-archive/tehilla-newman-debby-spertus/ 301
/ten-chicago-women-artists/ -> /exhibitions-archive/ten-chicago-women-artists/ 301
/tern-foster/ -> /exhibitions-archive/tern-foster/ 301
/the-alliance-of-women-artists/ -> /exhibitions-archive/the-alliance-of-women-artists/ 301
/the-annual-member-exhibition/ -> /exhibitions-archive/the-annual-member-exhibition/ 301
/the-art-of-survival/ -> /exhibitions-archive/the-art-of-survival/ 301
/the-base-line-an-exhibition-on-drawing/ -> /exhibitions-archive/the-base-line-an-exhibition-on-drawing/ 301
/the-body-in-revue-a-i-r-at-arc/ -> /exhibitions-archive/the-body-in-revue-a-i-r-at-arc/ 301
/the-chicago-solution-show-2005/ -> /exhibitions-archive/the-chicago-solution-show-2005/ 301
/the-f-word-feminism-now/ -> /exhibitions-archive/the-f-word-feminism-now/ 301
/the-invisible-costs-of-war/ -> /exhibitions-archive/the-invisible-costs-of-war/ 301
/the-invisible-costs-of-war-3/ -> /exhibitions-archive/the-invisible-costs-of-war-3/ 301
/the-invisible-costs-of-war-3-2/ -> /exhibitions-archive/the-invisible-costs-of-war-3-2/ 301
/the-millenium-fusion-project/ -> /exhibitions-archive/the-millenium-fusion-project/ 301
/the-red-head-gallery-toronto/ -> /exhibitions-archive/the-red-head-gallery-toronto/ 301
/the-right-stuff/ -> /exhibitions-archive/the-right-stuff/ 301
/the-secret-club-project/ -> /exhibitions-archive/the-secret-club-project/ 301
/the-steiners/ -> /exhibitions-archive/the-steiners/ 301
/the-student-show/ -> /exhibitions-archive/the-student-show/ 301
/the-women-of-apna-ghar-our-home/ -> /exhibitions-archive/the-women-of-apna-ghar-our-home/ 301
/the-women-of-apnar-ghar-our-home/ -> /exhibitions-archive/the-women-of-apnar-ghar-our-home/ 301
/the-works-of-bulgarian-children/ -> /exhibitions-archive/the-works-of-bulgarian-children/ 301
/thomas-block/ -> /exhibitions-archive/thomas-block/ 301
/three-women-speak-out/ -> /exhibitions-archive/three-women-speak-out/ 301
/tiffany-pascal/ -> /exhibitions-archive/tiffany-pascal/ 301
/tina-day-harber/ -> /exhibitions-archive/tina-day-harber/ 301
/tom-block/ -> /exhibitions-archive/tom-block/ 301
/tom-duffy-man-in-nature/ -> /exhibitions-archive/tom-duffy-man-in-nature/ 301
/tom-ferentz/ -> /exhibitions-archive/tom-ferentz/ 301
/tom-rand/ -> /exhibitions-archive/tom-rand/ 301
/tom-stella/ -> /exhibitions-archive/tom-stella/ 301
/toni-alexia-roach/ -> /exhibitions-archive/toni-alexia-roach/ 301
/tracy-grubbs/ -> /exhibitions-archive/tracy-grubbs/ 301
/trinity-christian-college-seniors/ -> /exhibitions-archive/trinity-christian-college-seniors/ 301
/trinity-christian-college-thesis-exhibition/ -> /exhibitions-archive/trinity-christian-college-thesis-exhibition/ 301
/trinity-christian-college-thesis-exhibition-2/ -> /exhibitions-archive/trinity-christian-college-thesis-exhibition-2/ 301
/twelve-artists-from-amos-eno-gallery/ -> /exhibitions-archive/twelve-artists-from-amos-eno-gallery/ 301
/unmasked-portraiture-in-a-pandemic/ -> /exhibitions-archive/unmasked-portraiture-in-a-pandemic/ 301
/urban-threads-a-group-exhibition-by-the-membership-of-arc-gallery/ -> /exhibitions-archive/urban-threads-a-group-exhibition-by-the-membership-of-arc-gallery/ 301
/valerie-newman/ -> /exhibitions-archive/valerie-newman/ 301
/valerie-tagalier/ -> /exhibitions-archive/valerie-tagalier/ 301
/vance-mellen/ -> /exhibitions-archive/vance-mellen/ 301
/vesna-jovanovic/ -> /exhibitions-archive/vesna-jovanovic/ 301
/victoria-crayhon/ -> /exhibitions-archive/victoria-crayhon/ 301
/victoria-szilagyi/ -> /exhibitions-archive/victoria-szilagyi/ 301
/videos-by-asian-american-artists/ -> /exhibitions-archive/videos-by-asian-american-artists/ 301
/virginia-carstarphen/ -> /exhibitions-archive/virginia-carstarphen/ 301
/virginia-mallon/ -> /exhibitions-archive/virginia-mallon/ 301
/voodoo-4u2-fundraiser/ -> /exhibitions-archive/voodoo-4u2-fundraiser/ 301
/w-a-s-p-s-workshop-artists-studios-provisions-scotland-exchange/ -> /exhibitions-archive/w-a-s-p-s-workshop-artists-studios-provisions-scotland-exchange/ 301
/wes-carson/ -> /exhibitions-archive/wes-carson/ 301
/what-remains/ -> /exhibitions-archive/what-remains/ 301
/what-remains-2/ -> /exhibitions-archive/what-remains-2/ 301
/what-remains-images/ -> /exhibitions-archive/what-remains-images/ 301
/why-a-womans-gallery-in-2003-panel-discussion/ -> /exhibitions-archive/why-a-womans-gallery-in-2003-panel-discussion/ 301
/william-alexander/ -> /exhibitions-archive/william-alexander/ 301
/women-in-the-directors-chair-project/ -> /exhibitions-archive/women-in-the-directors-chair-project/ 301
/women-of-the-house-of-the-good-shepherd/ -> /exhibitions-archive/women-of-the-house-of-the-good-shepherd/ 301
/women-photographers-collective/ -> /exhibitions-archive/women-photographers-collective/ 301
/womens-caucus-for-art/ -> /exhibitions-archive/womens-caucus-for-art/ 301
/womens-caucus-for-art-chicago-chapter/ -> /exhibitions-archive/womens-caucus-for-art-chicago-chapter/ 301
/womens-caucus-for-art-chicago-chapter-2/ -> /exhibitions-archive/womens-caucus-for-art-chicago-chapter-2/ 301
/womens-caucus-for-art-chicago-chapter-3/ -> /exhibitions-archive/womens-caucus-for-art-chicago-chapter-3/ 301
/womens-caucus-for-art-chicago-chapter-4/ -> /exhibitions-archive/womens-caucus-for-art-chicago-chapter-4/ 301
/womens-graphics-collective/ -> /exhibitions-archive/womens-graphics-collective/ 301
/womenstrong/ -> /exhibitions-archive/womenstrong/ 301
/yarka-vendrinska/ -> /exhibitions-archive/yarka-vendrinska/ 301
/yee-ling-tang/ -> /exhibitions-archive/yee-ling-tang/ 301
/yelena-klairmont/ -> /exhibitions-archive/yelena-klairmont/ 301
/yeohyun-ahn/ -> /exhibitions-archive/yeohyun-ahn/ 301
/ying-yu-annie-liao/ -> /exhibitions-archive/ying-yu-annie-liao/ 301
/yosenia-white/ -> /exhibitions-archive/yosenia-white/ 301
/yoshie-suzuki/ -> /exhibitions-archive/yoshie-suzuki/ 301
/you-lookin-at-me/ -> /exhibitions-archive/you-lookin-at-me/ 301
/young-expressions/ -> /exhibitions-archive/young-expressions/ 301
/youth-of-teen-living-programs/ -> /exhibitions-archive/youth-of-teen-living-programs/ 301
/yu-ling-huang/ -> /exhibitions-archive/yu-ling-huang/ 301
/yuri-a/ -> /exhibitions-archive/yuri-a/ 301
/zachariah-stricker/ -> /exhibitions-archive/zachariah-stricker/ 301
/zoe-beaudry/ -> /exhibitions-archive/zoe-beaudry/ 301
/zoran-shekerov/ -> /exhibitions-archive/zoran-shekerov/ 301
/lee-stanton-09082023/ -> /exhibitions-archive/lee-stanton-09082023/ 301
/michelle-williams-09082023/ -> /exhibitions-archive/michelle-williams-09082023/ 301
/50th-anniversary-exhibition/ -> /exhibitions-archive/50th-anniversary-exhibition/ 301
/category/Current+Exhibitions/ -> /exhibitions-archive/category/Current+Exhibitions/ 301
/category/Calls+for+entry/ -> /exhibitions-archive/category/Calls+for+entry/ 301
/category/Exhibition+Archives/ -> /exhibitions-archive/category/Exhibition+Archives/ 301
/category/Uncategorized/ -> /exhibitions-archive/category/Uncategorized/ 301
/category/Blog/ -> /exhibitions-archive/category/Blog/ 301
/category/Upcoming+shows/ -> /exhibitions-archive/category/Upcoming+shows/ 301
/tag/exhibition/ -> /exhibitions-archive/tag/exhibition/ 301
/tag/blueprints/ -> /exhibitions-archive/tag/blueprints/ 301
/tag/abstract+art/ -> /exhibitions-archive/tag/abstract+art/ 301
/tag/dada/ -> /exhibitions-archive/tag/dada/ 301
/tag/machine/ -> /exhibitions-archive/tag/machine/ 301
/tag/abstraction/ -> /exhibitions-archive/tag/abstraction/ 301
/tag/drawing/ -> /exhibitions-archive/tag/drawing/ 301
/tag/mechanics/ -> /exhibitions-archive/tag/mechanics/ 301
/tag/digital+art/ -> /exhibitions-archive/tag/digital+art/ 301
/tag/hand/ -> /exhibitions-archive/tag/hand/ 301
